Name,Species,Gender,Personality,Subtype,Hobby,Birthday,Catchphrase,Favorite Song,Favorite Saying,Style 1,Style 2,Color 1,Color 2
Admiral,Bird,Male,Cranky,A,Nature,1/27,aye aye,Steep Hill,Only quitters give up.,Cool,Cool,Black,Blue
Agent S,Squirrel,Female,Peppy,B,Fitness,7/2,sidekick,Go K.K. Rider,You gotta put the pedal to the metal!,Active,Simple,Blue,Black
Agnes,Pig,Female,Big Sister,A,Play,4/21,snuffle,K.K. House,You reap what you sow.,Simple,Elegant,Pink,White
Al,Gorilla,Male,Lazy,B,Fitness,10/18,ayyyeee,Go K.K. Rider,Life is a buffet. Always go back for seconds.,Active,Active,Red,White
Alfonso,Alligator,Male,Lazy,B,Play,6/9,it'sa me,Forest Life,Slow and steady wins the race.,Simple,Simple,Red,Blue
Alice,Koala,Female,Normal,B,Education,8/19,guvnor,Aloha K.K.,Treat others as you would like to be treated.,Cute,Cute,Red,Pink
Alli,Alligator,Female,Snooty,B,Fashion,11/8,graaagh,K.K. Soul,Think before you act.,Gorgeous,Elegant,Yellow,Brown
Amelia,Eagle,Female,Snooty,B,Music,11/19,cuz,K.K. Condor,"Pampering yourself is as important as food, water, and shelter!",Cool,Elegant,Black,White
Anabelle,Anteater,Female,Peppy,B,Fashion,2/16,snorty,Aloha K.K.,Dance like no one's watching!,Cute,Simple,Green,Blue
Anchovy,Bird,Male,Lazy,B,Play,3/4,chuurp,K.K. Ragtime,Why do today what you can put off until tomorrow?,Simple,Simple,Colorful,Orange
Angus,Bull,Male,Cranky,B,Fitness,4/30,macmoo,K.K. Calypso,Even strong bulls cry.,Cool,Cool,Red,Black
Anicotti,Mouse,Female,Peppy,B,Fashion,2/24,cannoli,Neapolitan,The walls have ears.,Simple,Elegant,Red,Pink
Ankha,Cat,Female,Snooty,B,Nature,9/22,me meow,K.K. Bazaar,All that glitters is not gold.,Gorgeous,Simple,Colorful,Brown
Annalisa,Anteater,Female,Normal,A,Nature,2/6,gumdrop,King K.K.,Home is where the heart is.,Elegant,Gorgeous,Red,Pink
Annalise,Horse,Female,Snooty,B,Fashion,12/2,nipper,Aloha K.K.,Let gossip go in one ear and out the other.,Elegant,Active,Blue,Purple
Antonio,Anteater,Male,Jock,B,Fitness,10/20,honk,K.K. Ragtime,Always go for the burn!,Simple,Simple,Aqua,Blue
Apollo,Eagle,Male,Cranky,B,Music,7/4,pah,K.K. Rock,What goes up must come down.,Cool,Simple,Black,Black
Apple,Hamster,Female,Peppy,A,Play,9/24,cheekers,I Love You,One rotten apple spoils the barrel.,Cute,Simple,Colorful,Red
Astrid,Kangaroo,Female,Snooty,B,Music,9/8,my pet,K.K. Gumbo,The apple doesn't fall far from the tree.,Cool,Active,Black,Colorful
Audie,Wolf,Female,Peppy,A,Fitness,8/31,foxtrot,K.K. Island,Be the kind of person your future self won't regret having been.,Cute,Active,Green,White
Aurora,Penguin,Female,Normal,B,Education,1/27,b-b-baby,Stale Cupcakes,Always keep your cool.,Cute,Elegant,Pink,Red
Ava,Chicken,Female,Normal,B,Music,4/28,beaker,K.K. Love Song,"Early to bed, early to rise.",Elegant,Cute,Red,Gray
Avery,Eagle,Male,Cranky,B,Music,2/22,skree-haw,K.K. Condor,What goes around comes around.,Simple,Gorgeous,Orange,Brown
Axel,Elephant,Male,Jock,B,Fitness,3/23,WHONK,K.K. Dixie,Do not compare a fly with an elephant.,Active,Simple,Green,White
Baabara,Sheep,Female,Snooty,B,Fashion,3/28,daahling,K.K. Cruisin',Don't just follow the flock.,Gorgeous,Elegant,Purple,Blue
Bam,Deer,Male,Jock,A,Play,11/7,kablang,K.K. Blues,Get while the getting's good.,Active,Simple,Green,Brown
Bangle,Tiger,Female,Peppy,B,Fashion,8/27,growf,K.K. Soul,Don't blink or you'll miss it.,Gorgeous,Cute,Yellow,Green
Barold,Cub,Male,Lazy,A,Play,3/2,cubby,K.K. Song,Please DO feed the bears!,Simple,Cool,Yellow,Black
Bea,Dog,Female,Normal,A,Nature,10/15,bingo,Drivin',The perfect pair complements each other.,Simple,Cool,Aqua,Green
Beardo,Bear,Male,Smug,A,Education,9/27,whiskers,K.K. Milonga,Fashion first!,Elegant,Elegant,Brown,Blue
Beau,Deer,Male,Lazy,A,Nature,4/5,saltlick,Mountain Song,"You snooze, you lose.",Simple,Cute,Beige,Orange
Becky,Chicken,Female,Snooty,B,Music,12/9,chicklet,K.K. Chorale,A fool and his Bells are soon parted.,Gorgeous,Elegant,Purple,Pink
Bella,Mouse,Female,Peppy,B,Music,12/28,eeks,K.K. Metal,A glamour shot is worth a thousand words.,Cool,Active,Black,Purple
Benedict,Chicken,Male,Lazy,B,Play,10/10,uh-hoo,I Love You,Don't put all your eggs in one basket.,Simple,Simple,Blue,Purple
Benjamin,Dog,Male,Lazy,A,Nature,8/3,alrighty,Mr. K.K.,A good dog deserves a good treat.,Simple,Simple,Red,White
Bertha,Hippo,Female,Normal,B,Education,4/25,bloop,Two Days Ago,The best part of spring is the picnics!,Cute,Elegant,Pink,White
Bettina,Mouse,Female,Normal,B,Education,6/12,eekers,Animal City,No time like the present!,Simple,Elegant,White,Red
Bianca,Tiger,Female,Peppy,A,Play,12/13,glimmer,K.K. House,There is such a thing as love at first sight.,Cute,Cute,Pink,Orange
Biff,Hippo,Male,Jock,B,Fitness,3/29,squirt,The K. Funk,Eighth place is just the seventh loser.,Gorgeous,Active,Black,Blue
Big Top,Elephant,Male,Lazy,B,Play,10/3,villain,Go K.K. Rider,A big nose never spoiled a handsome face.,Simple,Active,Green,Green
Bill,Duck,Male,Jock,A,Play,2/1,quacko,Imperial K.K.,"Even though there's no 'I' in team, there is a 'me'!",Active,Active,Blue,Purple
Billy,Goat,Male,Jock,A,Play,3/25,dagnaabit,K.K. Song,Old dogs can learn new tricks.,Simple,Active,Blue,Purple
Biskit,Dog,Male,Lazy,B,Play,5/13,dawg,K.K. Mambo,Let sleeping dogs lie.,Gorgeous,Simple,Purple,Colorful
Bitty,Hippo,Female,Snooty,A,Education,10/6,my dear,K.K. Disco,Necessity is the mother of all invention.,Cute,Elegant,Pink,Orange
Blaire,Squirrel,Female,Snooty,B,Fashion,7/3,nutlet,K.K. Bossa,Practice makes perfect.,Gorgeous,Elegant,Orange,Brown
Blanche,Ostrich,Female,Snooty,A,Nature,12/21,quite so,K.K. Jongara,Nothing beats personal experience.,Elegant,Gorgeous,Black,Brown
Bluebear,Cub,Female,Peppy,B,Fashion,6/24,peach,Only Me,Candy makes the world go 'round.,Cute,Simple,White,Blue
Bob,Cat,Male,Lazy,B,Play,1/1,pthhpth,Neapolitan,You only live once...or nine times.,Simple,Cute,Colorful,Red
Bonbon,Rabbit,Female,Peppy,A,Play,3/3,deelish,Bubblegum K.K.,Hindsight is always 20/20.,Cute,Elegant,Aqua,Yellow
Bones,Dog,Male,Lazy,B,Play,8/4,yip yip,K.K. Étude,A snack a day keeps the vacuum away.,Simple,Cute,Beige,Brown
Boomer,Penguin,Male,Lazy,B,Fitness,2/7,human,Farewell,Flying is believing.,Simple,Cool,Brown,Beige
Boone,Gorilla,Male,Jock,B,Fitness,9/12,baboom,Mountain Song,Never settle for second best.,Elegant,Cool,Colorful,Red
Boots,Alligator,Male,Jock,A,Play,8/7,munchie,Wandering,Strength lies in muscles.,Gorgeous,Active,Colorful,Purple
Boris,Pig,Male,Cranky,A,Nature,11/6,schnort,K.K. Oasis,Life's short. Eat chocolate.,Cool,Gorgeous,Purple,Black
Boyd,Gorilla,Male,Cranky,A,Fitness,10/1,uh-oh,K.K. Groove,There's always time to take a second look.,Simple,Cool,Red,Black
Bree,Mouse,Female,Snooty,B,Fashion,7/7,cheeseball,K.K. Bossa,The gift says more about the giver.,Elegant,Gorgeous,Black,Blue
Broccolo,Mouse,Male,Lazy,B,Play,6/30,eat it,I Love You,One nap leads to another.,Simple,Cute,Colorful,Yellow
Broffina,Chicken,Female,Snooty,A,Music,10/24,cluckadoo,K.K. Flamenco,Don't peck the hand that feeds you.,Gorgeous,Elegant,Black,Red
Bruce,Deer,Male,Cranky,A,Nature,5/26,gruff,K.K. Blues,Nobody's perfect.,Cool,Simple,Black,Red
Bubbles,Hippo,Female,Peppy,B,Fashion,9/18,hipster,K.K. Stroll,It's best to keep your lips and purse sealed.,Active,Cute,Purple,Pink
Buck,Horse,Male,Jock,B,Fitness,4/4,pardner,My Place,Keep your eyes on the prize.,Active,Simple,Gray,Brown
Bud,Lion,Male,Jock,B,Fitness,8/8,shredded,Aloha K.K.,You're not living unless you're sweating!,Active,Simple,Green,Yellow
Bunnie,Rabbit,Female,Peppy,B,Fashion,5/9,tee-hee,Forest Life,"Hare today, gone tomorrow.",Cute,Cute,Green,Pink
Butch,Dog,Male,Cranky,B,Music,11/1,ROOOOOWF,K.K. Western,A house without either a cat or a dog is a sad house indeed.,Cool,Simple,Blue,Gray
Buzz,Eagle,Male,Cranky,A,Nature,12/7,captain,Drivin',Pride'll put you in a pickle.,Simple,Active,Yellow,Red
Cally,Squirrel,Female,Normal,B,Nature,9/4,WHEE,K.K. Stroll,It's always teatime somewhere.,Cute,Elegant,Red,Green
Camofrog,Frog,Male,Cranky,B,Music,6/5,ten-hut,K.K. Safari,What you can't see can't hurt you.,Cool,Active,Blue,White
Canberra,Koala,Female,Big Sister,A,Play,5/14,nuh uh,K.K. Island,It's never too late to start over.,Active,Cool,Green,Aqua
Candi,Mouse,Female,Peppy,A,Play,4/13,sweetie,Neapolitan,"The players may change, but the music stays the same.",Simple,Cute,Aqua,Yellow
Carmen,Rabbit,Female,Peppy,B,Fashion,1/6,nougat,K.K. Stroll,Absence makes the heart grow fonder.,Elegant,Cute,Green,Beige
Caroline,Squirrel,Female,Normal,B,Music,7/15,hulaaaa,Pondering,New brooms sweep clean.,Cute,Gorgeous,Colorful,White
Carrie,Kangaroo,Female,Normal,A,Nature,12/5,little one,I Love You,A mother's work is never done.,Cute,Cute,Red,Colorful
Cashmere,Sheep,Female,Snooty,A,Fashion,4/2,baaaby,Farewell,100% Wool.,Gorgeous,Elegant,Purple,Beige
Celia,Eagle,Female,Normal,A,Nature,3/25,feathers,K.K. Soul,It's the thought that counts.,Elegant,Cute,Pink,Green
Cesar,Gorilla,Male,Cranky,B,Fitness,9/6,highness,K.K. Cruisin',"As soon as you can grow a mustache, do it.",Cool,Elegant,Blue,Aqua
Chadder,Mouse,Male,Smug,A,Fitness,12/15,fromage,K.K. Soul,Meeting is just the start of us saying goodbye.,Elegant,Gorgeous,Black,Gray
Charlise,Bear,Female,Big Sister,B,Fitness,4/17,urgh,Mr. K.K.,Actions speak louder than words.,Active,Cute,Red,Orange
Cheri,Cub,Female,Peppy,B,Fashion,3/17,tralala,K.K. Disco,Good things come in small packages.,Simple,Cute,Yellow,Aqua
Cherry,Dog,Female,Big Sister,A,Music,5/11,what what,K.K. D&B,"One dog barks at something, the rest bark at him.",Cool,Elegant,Black,Purple
Chester,Cub,Male,Lazy,B,Play,8/6,rookie,Imperial K.K.,Sleep early. Wake late.,Simple,Simple,Yellow,Green
Chevre,Goat,Female,Normal,B,Education,3/6,la baa,K.K. Chorale,"If you're gonna dream, dream big.",Cute,Elegant,Red,Pink
Chief,Wolf,Male,Cranky,B,Music,12/19,harrumph,Rockin' K.K.,Don't wish it were easier; wish you were better.,Cool,Simple,White,Gray
Chops,Pig,Male,Smug,A,Education,10/13,zoink,K.K. Moody,You can't have your cake and eat it too.,Gorgeous,Elegant,Red,Green
Chow,Bear,Male,Cranky,B,Fitness,7/22,aiya,Imperial K.K.,All good things must come to an end.,Cool,Gorgeous,Black,White
Chrissy,Rabbit,Female,Peppy,B,Fashion,8/28,sparkles,Bubblegum K.K.,A fool and their Bells are soon parted.,Cute,Cute,Pink,White
Claude,Rabbit,Male,Lazy,A,Nature,12/3,hopalong,Pondering,Don't judge a rabbit by its ears.,Simple,Simple,Black,Colorful
Claudia,Tiger,Female,Snooty,A,Music,11/22,ooh la la,K.K. Synth,A tiger can't change its stripes.,Gorgeous,Elegant,Purple,White
Clay,Hamster,Male,Lazy,A,Nature,10/19,thump,K.K. Safari,Life is just a bowl of cherries.,Elegant,Simple,Beige,Brown
Cleo,Horse,Female,Snooty,A,Education,2/9,sugar,K.K. Fusion,There's something lovable in all of us.,Cute,Elegant,Aqua,White
Clyde,Horse,Male,Lazy,B,Play,5/1,clip clawp,Neapolitan,The grass is always greener.,Simple,Cute,Green,White
Coach,Bull,Male,Jock,A,Fitness,4/29,stubble,Mr. K.K.,"Fool me once, shame on you. Fool me twice, shame on me.",Active,Active,Blue,Red
Cobb,Pig,Male,Jock,B,Education,10/7,hot dog,Pondering,Might makes right.,Simple,Active,White,Blue
Coco,Rabbit,Female,Normal,B,Education,3/1,doyoing,K.K. Jongara,Don't put off till tomorrow what you can do today.,Simple,Cute,Beige,Green
Cole,Rabbit,Male,Lazy,A,Nature,8/10,coooooool,K.K. Faire,Little pitchers have big ears.,Simple,Cute,Orange,Colorful
Colton,Horse,Male,Smug,A,Nature,5/22,check it,K.K. Chorale,Make hay while the sun shines.,Gorgeous,Elegant,Blue,Red
Cookie,Dog,Female,Peppy,B,Fashion,6/18,arfer,Bubblegum K.K.,Don't lose sight of what you're really after.,Cute,Cute,Green,Aqua
Cousteau,Frog,Male,Jock,B,Fitness,12/17,oui oui,Imperial K.K.,"Jump first, ask questions later.",Elegant,Gorgeous,Green,Red
Cranston,Ostrich,Male,Lazy,A,Nature,9/23,sweatband,K.K. Faire,Hard work beats talent.,Simple,Cool,Beige,Brown
Croque,Frog,Male,Cranky,A,Nature,7/18,as if,K.K. Folk,"Where there's smoke, there's fire.",Elegant,Cool,Red,Orange
Cube,Penguin,Male,Lazy,B,Play,1/29,brainfreeze,Farewell,Sometimes you gotta learn to chill.,Simple,Cute,Yellow,Colorful
Curlos,Sheep,Male,Smug,B,Nature,5/8,shearly,K.K. Salsa,"If you want to know yourself better, ask your neighbors.",Active,Gorgeous,Red,Green
Curly,Pig,Male,Jock,B,Fitness,7/26,nyoink,K.K. Reggae,Get fired up!,Simple,Active,Yellow,Colorful
Curt,Bear,Male,Cranky,A,Nature,7/1,fuzzball,Comrade K.K.,A Bell saved is a Bell earned.,Cool,Cool,Blue,White
Cyd,Elephant,Male,Cranky,A,Music,6/9,rockin',K.K. Metal,"Do what you want, but do it loud!",Cool,Active,Black,Yellow
Cyrano,Anteater,Male,Cranky,B,Education,3/9,ah-CHOO,K.K. Lament,Don't punch your nose to spite your face.,Cool,Active,Yellow,Beige
Daisy,Dog,Female,Normal,B,Education,11/16,bow-WOW,Forest Life,It's not always a dog-eat-dog world.,Simple,Cute,Colorful,Blue
Deena,Duck,Female,Normal,B,Education,6/27,woowoo,Mr. K.K.,Duck...duck...GOOSE!,Simple,Cute,Colorful,Blue
Deirdre,Deer,Female,Big Sister,A,Play,5/4,whatevs,K.K. Bossa,"Legs of an antelope, heart of an eagle.",Simple,Simple,Orange,Orange
Del,Alligator,Male,Cranky,B,Fitness,5/27,gronk,Pondering,The hero is brave in deeds as well as words.,Cool,Simple,Blue,White
Deli,Monkey,Male,Lazy,A,Nature,5/24,monch,K.K. Étude,"Righty tighty, lefty loosey.",Gorgeous,Elegant,Purple,Brown
Derwin,Duck,Male,Lazy,B,Play,5/25,derrrr,K.K. Stroll,Everything in moderation. Except for snacks.,Simple,Elegant,Yellow,Beige
Diana,Deer,Female,Snooty,A,Education,1/4,no doy,Farewell,Sometimes you have to lose to win.,Elegant,Gorgeous,Purple,Pink
Diva,Frog,Female,Big Sister,A,Fitness,10/2,ya know,K.K. Oasis,Eyes are the windows to the soul.,Gorgeous,Elegant,Purple,Aqua
Dizzy,Elephant,Male,Lazy,B,Play,7/14,woo-oo,Two Days Ago,Keep it mellow.,Simple,Simple,Yellow,Blue
Dobie,Wolf,Male,Cranky,A,Nature,2/17,ohmmm,Agent K.K.,Old longings never truly fade.,Simple,Cool,Brown,Beige
Doc,Rabbit,Male,Lazy,B,Education,3/16,old bunny,Pondering,One cannot live on carrots alone.,Simple,Elegant,Gray,Beige
Dom,Sheep,Male,Jock,A,Play,3/18,indeedaroo,K.K. Country,Be true to your most shiny self.,Active,Cute,Red,Colorful
Dora,Mouse,Female,Normal,B,Education,2/18,squeaky,K.K. Faire,The squeaky wheel gets the cheese.,Simple,Elegant,Blue,Aqua
Dotty,Rabbit,Female,Peppy,B,Fashion,3/14,wee one,Drivin',It's always a good hare day.,Simple,Cute,Blue,Black
Drago,Alligator,Male,Lazy,A,Nature,2/12,burrrn,Imperial K.K.,There is no room for two dragons in one pond.,Elegant,Gorgeous,Orange,Red
Drake,Duck,Male,Lazy,B,Play,6/25,quacko,K.K. Blues,...Quack.,Cool,Simple,Brown,Red
Drift,Frog,Male,Jock,B,Fitness,10/9,dribbit,K.K. Metal,Always go for the gold!,Simple,Active,Orange,Red
Ed,Horse,Male,Smug,B,Nature,9/16,greenhorn,K.K. Ballad,Beauty is pretty!,Gorgeous,Elegant,Black,Gray
Egbert,Chicken,Male,Lazy,B,Play,10/14,doodle-duh,Lucky K.K.,You gotta break a few eggs to make an omelet.,Simple,Simple,Beige,Brown
Elise,Monkey,Female,Snooty,B,Fashion,3/21,puh-lease,K.K. Bossa,"Do as I say, not as I do.",Elegant,Gorgeous,Purple,Red
Ellie,Elephant,Female,Normal,A,Nature,5/12,li'l one,K.K. Ballad,You need the sour to highlight the sweet.,Simple,Cute,Gray,Pink
Elmer,Horse,Male,Lazy,B,Play,10/5,tenderfoot,K.K. Country,"The horse doesn't pull the cart, the oats do.",Simple,Cool,Blue,White
Eloise,Elephant,Female,Snooty,B,Fashion,12/8,tooooot,K.K. Soul,An elephant never forgets.,Elegant,Simple,Green,Orange
Elvis,Lion,Male,Cranky,B,Education,7/23,unh-hunh,K.K. Casbah,Better a live coward than a forgotten hero.,Gorgeous,Elegant,Red,Black
Erik,Deer,Male,Lazy,A,Nature,7/27,chow down,Drivin',"If you're afraid of wolves, don't go to the woods.",Simple,Simple,Beige,Red
Eugene,Koala,Male,Smug,A,Music,10/26,yeah buddy,Agent K.K.,Imitation is the sincerest form of flattery.,Cool,Gorgeous,Black,Gray
Eunice,Sheep,Female,Normal,B,Fashion,4/3,lambchop,K.K. Disco,There is a point to every encounter.,Simple,Elegant,Beige,Orange
Fang,Wolf,Male,Cranky,B,Education,12/18,cha-chomp,K.K. Steppe,"You mess with the wolf, you get the fangs.",Simple,Cool,White,Aqua
Fauna,Deer,Female,Normal,A,Nature,3/26,dearie,K.K. Stroll,The first step is always the hardest.,Simple,Cute,Beige,White
Felicity,Cat,Female,Peppy,B,Fashion,3/30,mimimi,K.K. Stroll,Love has no bounds.,Cute,Cute,Yellow,Orange
Filbert,Squirrel,Male,Lazy,A,Nature,6/3,bucko,Stale Cupcakes,Don't go nuts or anything.,Simple,Cute,Blue,White
Flip,Monkey,Male,Jock,A,Music,11/21,rerack,K.K. Rally,"See no donut, hear no donut, speak no donut.",Active,Simple,Blue,Yellow
Flo,Penguin,Female,Big Sister,A,Music,9/2,cha,Space K.K.,Always keep a straight face.,Cool,Gorgeous,Red,Purple
Flora,Ostrich,Female,Peppy,A,Play,2/9,pinky,K.K. Condor,Pink is the new black.,Cute,Active,Colorful,Pink
Flurry,Hamster,Female,Normal,A,Nature,1/30,powderpuff,Hypno K.K.,"Squeak your mind, even if your voice shakes.",Elegant,Cute,Red,Pink
Francine,Rabbit,Female,Snooty,B,Fashion,1/22,karat,K.K. Cruisin',You can't have wise folks if you don't have fools too.,Elegant,Gorgeous,Blue,Black
Frank,Eagle,Male,Cranky,B,Education,7/30,crushy,K.K. Casbah,Today is the last day of the rest of your life.,Gorgeous,Cool,Brown,Yellow
Freckles,Duck,Female,Peppy,B,Fashion,2/19,ducky,Marine Song 2001,Act now before you change your mind!,Simple,Cute,Green,Colorful
Freya,Wolf,Female,Snooty,B,Fashion,12/14,uff da,Lucky K.K.,Don't stray too far from the pack.,Elegant,Cool,Green,Blue
Friga,Penguin,Female,Snooty,B,Fashion,10/16,brrrmph,Farewell,You can't learn a life lesson from a fortune cookie.,Elegant,Gorgeous,Pink,Black
Frita,Sheep,Female,Big Sister,A,Music,7/16,oh ewe,K.K. Rockabilly,Don't sweat the small potatoes.,Active,Cute,Yellow,Red
Frobert,Frog,Male,Jock,B,Fitness,2/8,fribbit,K.K. Ragtime,Always aim high!,Active,Simple,Blue,Colorful
Fuchsia,Deer,Female,Big Sister,A,Music,9/19,precious,K.K. Rock,It takes one to know one.,Cool,Cool,Pink,Pink
Gabi,Rabbit,Female,Peppy,B,Fashion,12/16,honeybun,Neapolitan,The more the merrier.,Cute,Gorgeous,Brown,Red
Gala,Pig,Female,Normal,B,Education,3/5,snortie,Animal City,Still waters run deep.,Cute,Elegant,Pink,White
Gaston,Rabbit,Male,Cranky,B,Education,10/28,mon chou,K.K. Song,An ear for an ear makes it hard to hear.,Simple,Gorgeous,Brown,Orange
Gayle,Alligator,Female,Normal,A,Nature,5/17,snacky,Bubblegum K.K.,An ounce of prevention is worth a pound of cure.,Cute,Cute,Pink,White
Genji,Rabbit,Male,Jock,B,Fitness,1/21,mochi,King K.K.,"Fall down seven times, get up eight.",Elegant,Simple,Green,Purple
Gigi,Frog,Female,Snooty,B,Fashion,8/11,ribbette,K.K. Swing,Look at the world through rose-colored glasses.,Gorgeous,Elegant,Black,White
Gladys,Ostrich,Female,Normal,B,Education,1/15,stretch,K.K. Folk,Smiles are free.,Elegant,Cute,Green,Pink
Gloria,Duck,Female,Snooty,B,Fashion,8/12,quacker,Animal City,Time is money.,Gorgeous,Elegant,Black,Gray
Goldie,Dog,Female,Normal,B,Nature,12/27,woof,K.K. Bossa,A little bit of happiness is better than a lot of anguish.,Simple,Cute,Yellow,Orange
Gonzo,Koala,Male,Cranky,A,Nature,10/13,mate,Surfin' K.K.,"Brothers are brothers, cheese is cheese.",Simple,Cool,Black,Green
Goose,Chicken,Male,Jock,B,Fitness,10/4,buh-kay,K.K. Country,Birds of a feather crow together.,Simple,Active,Blue,White
Graham,Hamster,Male,Smug,A,Education,6/20,indeed,Bubblegum K.K.,Knowledge is power.,Simple,Cool,Green,Orange
Greta,Mouse,Female,Snooty,A,Education,9/5,yelp,Comrade K.K.,The world is a stage.,Elegant,Simple,Pink,Purple
Grizzly,Bear,Male,Cranky,B,Education,7/31,grrr,K.K. Condor,Those who live in glass houses shouldn't throw stones.,Cool,Simple,Red,Black
Groucho,Bear,Male,Cranky,B,Music,10/23,grumble,K.K. Metal,Rocky road is more than just a flavor of ice cream.,Cool,Simple,Black,Gray
Gruff,Goat,Male,Cranky,B,Music,8/29,bleh eh eh,K.K. Rockabilly,Don't burn bridges.,Cool,Gorgeous,Purple,Black
Gwen,Penguin,Female,Snooty,B,Fashion,1/23,h-h-h-hon,Drivin',"Mind your manners, or someone else will.",Gorgeous,Elegant,Green,White
Hamlet,Hamster,Male,Jock,A,Play,5/30,hammie,K.K. Reggae,The ear's the thing.,Simple,Active,Purple,Blue
Hamphrey,Hamster,Male,Cranky,A,Nature,2/25,snort,Comrade K.K.,Children should be seen and not heard.,Cool,Simple,Gray,Beige
Hans,Gorilla,Male,Smug,A,Fitness,12/5,groovy,K.K. Sonata,One good turn deserves another.,Elegant,Gorgeous,Gray,Blue
Harry,Hippo,Male,Cranky,B,Education,1/7,beach bum,K.K. Rally,Patience is a virtue for folks with time.,Cool,Simple,Green,Orange
Hazel,Squirrel,Female,Big Sister,A,Play,8/30,uni-wow,DJ K.K.,Never say never!,Active,Cute,Red,Yellow
Henry,Frog,Male,Smug,A,Music,9/21,snoozit,K.K. Soul,The way to a frog's heart is through his stomach.,Cool,Simple,Aqua,Blue
Hippeux,Hippo,Male,Smug,A,Education,10/15,natch,K.K. Sonata,Mottoes are for the unoriginal.,Elegant,Gorgeous,Brown,Green
Hopkins,Rabbit,Male,Lazy,A,Nature,3/11,thumper,Pondering,A wise mammal gives danger a wide berth.,Simple,Active,Blue,Yellow
Hopper,Penguin,Male,Cranky,B,Music,4/6,slushie,Comrade K.K.,Always have a comeback.,Cool,Simple,Yellow,Red
Hornsby,Rhino,Male,Lazy,A,Nature,3/20,schnozzle,K.K. Lament,You can't hit a mosquito with a horseshoe.,Simple,Simple,Green,Brown
Huck,Frog,Male,Smug,A,Fitness,7/9,hopper,To the Edge,Cold coffee makes for a cold demeanor.,Simple,Cool,Green,Yellow
Hugh,Pig,Male,Lazy,B,Play,12/30,snortle,My Place,Keep it real. Real chill.,Simple,Active,Beige,Yellow
Iggly,Penguin,Male,Jock,B,Fitness,11/2,waddler,I Love You,"Six of one, half dozen of the other.",Active,Simple,Red,Blue
Ike,Bear,Male,Cranky,A,Nature,5/16,roadie,K.K. Rock,"The higher you climb, the smaller things look.",Cool,Cool,Green,Blue
Jacob,Bird,Male,Lazy,A,Nature,8/24,ya feel,K.K. Song,Your greatest strength can be your greatest weakness.,Simple,Simple,Green,Red
Jacques,Bird,Male,Smug,A,Music,6/22,zut alors,K.K. Technopop,Better to have loved and squawked than to have never loved at all.,Cool,Simple,Green,Black
Jambette,Frog,Female,Normal,B,Fashion,10/27,croak-kay,K.K. Cruisin',It takes more muscles to frown than smile.,Cool,Cool,Brown,Brown
Jay,Bird,Male,Jock,B,Fitness,7/17,heeeeeyy,K.K. Country,He who hesitates has lost.,Active,Active,Blue,Aqua
Jeremiah,Frog,Male,Lazy,B,Play,7/8,nee-deep,Hypno K.K.,Sleep before you leap.,Simple,Simple,Orange,Yellow
Jitters,Bird,Male,Jock,B,Fitness,2/2,bzzert,K.K. Adventure,"When you're a team of one, you're always captain!",Active,Active,Yellow,Orange
Joey,Duck,Male,Lazy,B,Play,1/3,bleeeeeck,Marine Song 2001,Don't get your feathers all ruffled. Just chill.,Simple,Simple,Green,Blue
Judy,Cub,Female,Snooty,A,Music,3/10,myohmy,K.K. Lullaby,I'm dancing my dreams away.,Cute,Elegant,Pink,White
Julia,Ostrich,Female,Snooty,A,Education,7/31,dahling,K.K. Sonata,"Cut once, measure twice... Wait— reverse that.",Elegant,Gorgeous,Purple,Red
Julian,Horse,Male,Smug,A,Music,3/15,glitter,Space K.K.,Never trot when you can prance.,Gorgeous,Cool,Purple,Blue
June,Cub,Female,Normal,A,Nature,5/21,rainbow,K.K. Island,"Dream big, expect little.",Cute,Simple,White,Red
Kabuki,Cat,Male,Cranky,B,Music,11/29,meooo-OH,K.K. Jongara,"If you make your opponent flinch, you have already won.",Simple,Simple,Purple,Red
Katt,Cat,Female,Big Sister,A,Music,4/27,purrty,K.K. Disco,MeowMEOWmeow!,Cool,Cool,Purple,Black
Keaton,Eagle,Male,Smug,A,Music,6/1,wingo,Drivin',"Even in a room full of fools, someone is the smartest.",Gorgeous,Cool,Blue,White
Ken,Chicken,Male,Smug,A,Education,12/23,no doubt,K.K. Rally,C'est la vie!,Cool,Simple,Purple,Blue
Ketchup,Duck,Female,Peppy,A,Play,7/27,bitty,Neapolitan,"When in doubt, eat a tomato!",Cute,Cute,Aqua,White
Kevin,Pig,Male,Jock,A,Play,4/26,weeweewee,K.K. Rockabilly,Sometimes it's OK to get dirty.,Active,Simple,Black,Red
Kid Cat,Cat,Male,Jock,B,Fitness,8/1,psst,Go K.K. Rider,Crime doesn't pay!,Active,Simple,Red,Red
Kidd,Goat,Male,Smug,B,Education,6/28,wut,K.K. Tango,"Be yourself, everyone else is already taken.",Elegant,Cool,Gray,White
Kiki,Cat,Female,Normal,B,Education,10/8,kitty cat,Only Me,"Nothing ventured, nothing gained.",Simple,Simple,Brown,Beige
Kitt,Kangaroo,Female,Normal,B,Education,10/11,child,Stale Cupcakes,Funny parents have funny kids.,Elegant,Simple,Purple,Red
Kitty,Cat,Female,Snooty,B,Fashion,2/15,mrowrr,K.K. Chorale,"If you want something done well, do it yourself.",Elegant,Gorgeous,Green,Gray
Klaus,Bear,Male,Smug,A,Education,3/31,strudel,K.K. Sonata,Pride goes before a fall.,Simple,Simple,Gray,White
Knox,Chicken,Male,Cranky,B,Education,11/23,cluckling,K.K. Chorale,A chicken's coop is its castle.,Elegant,Gorgeous,Brown,Red
Kody,Cub,Male,Jock,B,Fitness,9/28,grah grah,My Place,The sky's the limit!,Active,Simple,Colorful,White
Kyle,Wolf,Male,Smug,A,Music,12/6,alpha,K.K. Metal,Never trust a sheep in wolf's clothing.,Gorgeous,Cool,Black,White
Leonardo,Tiger,Male,Jock,B,Fitness,5/15,flexin',K.K. Metal,That's the way the energy bar crumbles.,Active,Gorgeous,Red,Blue
Leopold,Lion,Male,Smug,A,Education,8/14,lion cub,Mr. K.K.,"The bigger the fish, the bigger your dinner.",Elegant,Gorgeous,Purple,Green
Lily,Frog,Female,Normal,B,Education,2/4,toady,Farewell,Don't jump to conclusions!,Cute,Simple,White,Yellow
Limberg,Mouse,Male,Cranky,B,Education,10/17,squinky,K.K. Folk,Don't build a better mousetrap.,Simple,Cool,Green,Blue
Lionel,Lion,Male,Smug,A,Music,7/29,precisely,K.K. Moody,Love is blind.,Gorgeous,Active,Green,Gray
Lobo,Wolf,Male,Cranky,B,Education,11/5,ah-rooooo,K.K. Rock,"If it's not one thing, it's another.",Cool,Active,Black,Beige
Lolly,Cat,Female,Normal,B,Music,3/27,bonbon,Forest Life,Laughter is the best medicine.,Simple,Simple,Gray,Pink
Lopez,Deer,Male,Smug,A,Education,8/20,badoom,K.K. Jazz,Always look both ways before crossing the street.,Gorgeous,Gorgeous,Gray,Gray
Louie,Gorilla,Male,Jock,A,Fitness,3/26,hoo hoo ha,K.K. Fusion,It's all about the muscle.,Active,Simple,Gray,Red
Lucha,Bird,Male,Smug,A,Fitness,12/12,cacaw,K.K. Western,"Birds of a feather, et cetera, et cetera...",Active,Cool,Black,Gray
Lucky,Dog,Male,Lazy,B,Play,11/4,rrr-owch,K.K. Dirge,Don't bite the hand that feeds you.,Simple,Simple,Beige,White
Lucy,Pig,Female,Normal,B,Music,6/2,snoooink,K.K. Sonata,The best is yet to come.,Cute,Elegant,Pink,Red
Lyman,Koala,Male,Jock,A,Play,10/12,chips,K.K. Safari,Eucalyptus is the spice of life.,Simple,Active,Aqua,Yellow
Mac,Dog,Male,Jock,B,Fitness,11/11,woo woof,My Place,Sometimes life is rough.,Active,Cool,Red,Black
Maddie,Dog,Female,Peppy,A,Play,1/11,yippee,K.K. Stroll,The IT revolution is under way.,Simple,Cute,Purple,Pink
Maelle,Duck,Female,Snooty,B,Fashion,4/8,duckling,Café K.K.,A wise duck takes care of its bill.,Cool,Simple,Pink,White
Maggie,Pig,Female,Normal,A,Nature,9/3,schep,Drivin',All a plant needs is love...and sun and water and soil.,Cute,Elegant,Green,Yellow
Mallary,Duck,Female,Snooty,B,Fashion,11/17,quackpth,K.K. Bossa,Purple is the color of royalty.,Cool,Gorgeous,Blue,White
Maple,Cub,Female,Normal,B,Education,6/15,honey,Forest Life,"Waste not, want not.",Simple,Cute,Beige,Green
Marcel,Dog,Male,Lazy,B,Play,12/31,non,Comrade K.K.,There's not a dog so bad that he won't wag his tail.,Simple,Cool,Green,Blue
Marcie,Kangaroo,Female,Normal,A,Nature,5/31,pouches,K.K. Aria,The road to a friend's house is never long.,Cute,Elegant,Pink,Beige
Margie,Elephant,Female,Normal,B,Education,1/28,tootie,K.K. Marathon,Keep your feet on the ground.,Elegant,Cute,Pink,Red
Marina,Octopus,Female,Normal,B,Music,6/26,blurp,Soulful K.K.,"If you can't say something nice, don't say anything at all.",Cute,Cute,Pink,Red
Marshal,Squirrel,Male,Smug,A,Music,9/29,sulky,K.K. Bossa,Seize the day.,Elegant,Cool,Aqua,Blue
Mathilda,Kangaroo,Female,Snooty,B,Fitness,11/12,wee baby,K.K. Chorale,Nail polish is thicker than water.,Cool,Gorgeous,White,Red
Megan,Bear,Female,Normal,A,Nature,3/13,sundae,Forest Life,"Take a page out of someone else's book, if it's a good book.",Cute,Simple,Yellow,Aqua
Melba,Koala,Female,Normal,B,Education,4/12,toasty,K.K. Stroll,A friend who shares is a friend who cares.,Cute,Cute,White,Green
Merengue,Rhino,Female,Normal,A,Nature,3/19,shortcake,K.K. Ballad,Life is a piece of cake.,Cute,Simple,White,Red
Merry,Cat,Female,Peppy,B,Fashion,6/29,mweee,Neapolitan,A smile increases your face value.,Cute,Cute,Pink,Aqua
Midge,Bird,Female,Normal,B,Education,3/12,tweedledee,K.K. Stroll,"When the world gets cold, just fly south.",Cute,Simple,Pink,Pink
Mint,Squirrel,Female,Snooty,B,Fashion,5/2,ahhhhhh,K.K. Soul,Always lead by example.,Gorgeous,Cute,Pink,Purple
Mira,Rabbit,Female,Big Sister,A,Fitness,7/6,cottontail,Go K.K. Rider,Always help a friend in need.,Active,Cool,Red,Yellow
Miranda,Duck,Female,Snooty,B,Fashion,4/23,quackulous,K.K. Sonata,"If the world is flooded, it will be easy for the duck.",Elegant,Gorgeous,Blue,Purple
Mitzi,Cat,Female,Normal,B,Education,9/25,mew,K.K. Love Song,Practice makes purrrfect!,Simple,Simple,Brown,Beige
Moe,Cat,Male,Lazy,B,Play,1/12,myawn,Two Days Ago,Ignorance is bliss.,Active,Simple,Black,Gray
Molly,Duck,Female,Normal,A,Nature,3/7,quackidee,K.K. Ballad,Like water off a duck's back.,Cute,Simple,Yellow,Pink
Monique,Cat,Female,Snooty,B,Fashion,9/30,pffffft,K.K. Cruisin',All publicity is good publicity!,Gorgeous,Elegant,Purple,Pink
Monty,Monkey,Male,Cranky,B,Education,12/7,g'tang,To The Edge,No news is good news.,Cool,Cool,Yellow,Gray
Moose,Mouse,Male,Jock,B,Fitness,9/13,shorty,K.K. Rockabilly,A cornered rat will summon the courage to bite a cat.,Cool,Gorgeous,Purple,Red
Mott,Lion,Male,Jock,B,Fitness,7/10,cagey,K.K. Fusion,The lion's share goes to the lion.,Active,Elegant,Blue,Green
Muffy,Sheep,Female,Big Sister,A,Music,2/14,nightshade,K.K. Sonata,There's a black sheep in every family.,Gorgeous,Elegant,Black,Purple
Murphy,Cub,Male,Cranky,A,Education,12/29,malarkey,K.K. Safari,"More money, more problems.",Simple,Cool,Blue,White
Nan,Goat,Female,Normal,B,Nature,8/24,kid,K.K. Étude,Nanny-nanny boo-boo!,Simple,Elegant,Orange,Yellow
Nana,Monkey,Female,Normal,B,Education,8/23,po po,K.K. Ballad,Bread always falls peanut-butter side down.,Cute,Cute,Pink,White
Naomi,Cow,Female,Snooty,A,Fashion,2/28,moolah,K.K. Milonga,Moo like there's no tomorrow.,Elegant,Gorgeous,Colorful,Purple
Nate,Bear,Male,Lazy,B,Play,8/16,yawwwn,Forest Life,Be true to yourself.,Simple,Simple,White,Green
Nibbles,Squirrel,Female,Peppy,B,Fashion,7/19,niblet,K.K. Disco,"Appearances are, like, totally deceiving.",Cute,Active,Red,Yellow
Norma,Cow,Female,Normal,A,Nature,9/20,hoof hoo,Mountain Song,"If you want what you have, then you'll have what you want.",Cute,Simple,White,Aqua
O'Hare,Rabbit,Male,Smug,B,Nature,7/24,amigo,K.K. Island,It's not old; it's vintage.,Active,Cool,Blue,Aqua
Octavian,Octopus,Male,Cranky,B,Play,9/20,sucker,K.K. D&B,Don't be a sucker!,Cool,Simple,Black,White
Olaf,Anteater,Male,Smug,A,Education,5/19,whiffa,K.K. Milonga,Keep your nose clean.,Elegant,Gorgeous,Red,Black
Olive,Cub,Female,Normal,A,Nature,7/12,sweet pea,Neapolitan,Sticky fingers attract bees.,Simple,Simple,Brown,Yellow
Olivia,Cat,Female,Snooty,B,Music,2/3,purrr,K.K. Sonata,There's an exception to every rule.,Cool,Elegant,White,Black
Opal,Elephant,Female,Snooty,B,Fashion,1/20,snoot,K.K. Cruisin',"However little you think of an elephant, you can't say it won't fill a pot.",Elegant,Cool,Black,Orange
Ozzie,Koala,Male,Lazy,B,Play,5/7,ol' bear,Mr. K.K.,Half a loaf is better than none.,Simple,Cute,Yellow,Orange
Pancetti,Pig,Female,Snooty,A,Music,11/14,sooey,K.K. Cruisin',Always get it in writing.,Cute,Gorgeous,Red,Yellow
Pango,Anteater,Female,Peppy,B,Fashion,11/9,snooooof,K.K. Oasis,A thing of beauty is a joy forever.,Elegant,Cool,Orange,Purple
Paolo,Elephant,Male,Lazy,A,Nature,5/5,pal,To The Edge,"When it works, it works.",Simple,Elegant,Gray,Aqua
Papi,Horse,Male,Lazy,A,Nature,1/10,haaay,Hypno K.K.,Never say neigh.,Simple,Simple,Orange,Aqua
Pashmina,Goat,Female,Big Sister,A,Music,12/26,kidders,K.K. Disco,"Before you judge someone, walk a mile in their hooves.",Cool,Elegant,Red,Colorful
Pate,Duck,Female,Peppy,B,Fashion,2/23,quackle,K.K. Soul,A duck won't bite you.,Simple,Cute,Yellow,White
Patty,Cow,Female,Peppy,B,Fashion,5/10,how-now,K.K. Calypso,A friend in need is a friend indeed!,Simple,Cute,Orange,Red
Paula,Bear,Female,Big Sister,B,Fitness,3/22,yodelay,K.K. Disco,Trends always make a comeback.,Cute,Active,Orange,Green
Peaches,Horse,Female,Normal,B,Education,11/28,neighbor,Forest Life,Every day is a gift.,Cute,Simple,Colorful,Aqua
Peanut,Squirrel,Female,Peppy,B,Fashion,6/8,slacker,Forest Life,Never take a nibble when you can take a bite.,Cute,Cute,Red,Colorful
Pecan,Squirrel,Female,Snooty,B,Fashion,9/10,chipmunk,K.K. Love Song,Promises are like pie crusts— they're made to be broken.,Elegant,Gorgeous,Purple,Beige
Peck,Bird,Male,Jock,A,Play,7/25,crunch,My Place,The best defense is a good offense.,Simple,Active,Beige,Red
Peewee,Gorilla,Male,Cranky,B,Fitness,9/11,li'l bitty baby,K.K. Rock,Look behind you.,Active,Cool,Orange,Blue
Peggy,Pig,Female,Peppy,B,Fashion,5/23,shweetie,K.K. Bossa,We're all diamonds in the rough.,Cute,Active,Blue,Red
Pekoe,Cub,Female,Normal,B,Nature,5/18,bud,Imperial K.K.,Let bygones be bygones.,Elegant,Cute,Red,Beige
Penelope,Mouse,Female,Peppy,A,Fashion,2/5,oh bow,Bubblegum K.K.,One mile or a thousand makes no difference to love.,Cute,Gorgeous,Pink,Red
Phil,Ostrich,Male,Smug,A,Music,11/27,hurk,K.K. Moody,Best not to say too much.,Elegant,Cool,Green,Red
Phoebe,Ostrich,Female,Big Sister,A,Fitness,4/22,sparky,K.K. Flamenco,You can't keep a good bird down.,Gorgeous,Cool,Black,Red
Pierce,Eagle,Male,Jock,B,Fitness,1/8,hawkeye,K.K. Gumbo,"When someone says fly, you ask how high!",Elegant,Active,Orange,Yellow
Pietro,Sheep,Male,Smug,A,Music,4/19,honk honk,K.K. Parade,Be the class clown.,Gorgeous,Simple,Colorful,Red
Pinky,Bear,Female,Peppy,B,Fashion,9/9,wah,Imperial K.K.,Time spent with friends is time well spent.,Cute,Simple,Red,Pink
Piper,Bird,Female,Peppy,A,Play,4/18,chickadee,K.K. Synth,"Where there's life, there's hope.",Elegant,Gorgeous,Black,White
Pippy,Rabbit,Female,Peppy,B,Fashion,6/14,li'l hare,Drivin',Fake it till you make it.,Cute,Simple,Green,Brown
Plucky,Chicken,Female,Big Sister,A,Play,10/12,chicky-poo,K.K. Island,Keep your crumbs out of the bed.,Cool,Simple,Aqua,Yellow
Pompom,Duck,Female,Peppy,B,Music,2/11,rah rah,K.K. Soul,Happiness is a rainy day!,Cute,Simple,Pink,Aqua
Poncho,Cub,Male,Jock,B,Fitness,1/2,li'l bear,K.K. Blues,Fortune favors the brave!,Simple,Simple,Orange,Yellow
Poppy,Squirrel,Female,Normal,B,Education,8/5,nutty,Forest Life,It's all about positive thinking!,Cute,Elegant,Green,Yellow
Portia,Dog,Female,Snooty,B,Fashion,10/25,ruffian,K.K. Disco,Charity begins at home.,Elegant,Gorgeous,Purple,Black
Prince,Frog,Male,Lazy,B,Play,7/21,burrup,Only Me,Catch more flies with honey than vinegar.,Simple,Active,Yellow,White
Puck,Penguin,Male,Lazy,B,Fitness,2/21,brrrrrrrrr,K.K. March,A bad attitude will land you in the penalty box.,Active,Simple,Blue,Red
Puddles,Frog,Female,Peppy,B,Fashion,1/13,splish,K.K. Disco,Look before you leap.,Cute,Gorgeous,Green,Pink
Pudge,Cub,Male,Lazy,B,Play,6/11,golly,K.K. Stroll,There's no such thing as a free lunch.,Simple,Simple,Green,Blue
Punchy,Cat,Male,Lazy,B,Play,4/11,mrmpht,Forest Life,There's always more fish in the sea!,Simple,Simple,Blue,Aqua
Purrl,Cat,Female,Snooty,B,Fashion,5/29,kitten,K.K. Chorale,Let them drink cream.,Cool,Elegant,Gray,Blue
Queenie,Ostrich,Female,Snooty,B,Fashion,11/13,chicken,K.K. Gumbo,You never get a second chance to make a first impression.,Gorgeous,Elegant,Black,Gray
Quillson,Duck,Male,Smug,A,Music,12/22,ridukulous,K.K. Groove,There is beauty in everything.,Elegant,Cool,Beige,Orange
Raddle,Frog,Male,Lazy,A,Nature,6/6,aaach—,Mr. K.K.,A healthy mind makes for a healthy body.,Elegant,Simple,White,Gray
Rasher,Pig,Male,Cranky,B,Music,4/7,swine,K.K. Rockabilly,Don't judge a book by its cover.,Cool,Simple,Blue,Black
Raymond,Cat,Male,Smug,B,Nature,10/1,crisp,K.K. Cruisin',Stay on brand!,Elegant,Cool,Black,Gray
Renée,Rhino,Female,Big Sister,A,Music,5/28,yo yo yo,Surfin' K.K.,Reckless youth makes rueful age.,Cool,Active,Purple,Yellow
Reneigh,Horse,Female,Big Sister,A,Play,6/4,ayup yup,K.K. Synth,"You can only be you, so be the best you that you can be.",Cool,Gorgeous,Black,Purple
Rex,Lion,Male,Lazy,A,Nature,7/24,cool cat,Wandering,"Three wrongs don't make a right, but three rights make a left.",Simple,Cute,Blue,Aqua
Rhonda,Rhino,Female,Normal,B,Music,1/24,bigfoot,K.K. Ballad,Don't look down your nose at people!,Elegant,Gorgeous,Purple,Black
Ribbot,Frog,Male,Jock,B,Fitness,2/13,zzrrbbitt,K.K. Technopop,"Never rest, never rust.",Simple,Active,Blue,Aqua
Ricky,Squirrel,Male,Cranky,B,Education,9/14,nutcase,K.K. Safari,You gotta break a few shells to get to the nut.,Cool,Simple,Blue,Red
Rizzo,Mouse,Male,Cranky,B,Education,1/17,squee,K.K. Folk,Evil lurks everywhere.,Simple,Cool,Black,Gray
Roald,Penguin,Male,Jock,B,Fitness,1/5,b-b-buddy,K.K. March,You must learn to waddle before you can swim.,Active,Simple,Red,Yellow
Robin,Bird,Female,Snooty,B,Fashion,12/4,la-di-da,K.K. Cruisin',Always keep your wings manicured so you can fly away.,Elegant,Cool,Aqua,Purple
Rocco,Hippo,Male,Cranky,B,Education,8/18,hippie,K.K. Lament,The only thing to fear is fear itself... and wasps!,Simple,Cool,Yellow,Black
Rocket,Gorilla,Female,Big Sister,B,Fitness,4/14,vroom,K.K. Adventure,Art feeds the soul. So does pizza.,Active,Cool,Pink,Red
Rod,Mouse,Male,Jock,B,Fitness,8/14,ace,K.K. March,"If you can't beat 'em, work harder.",Active,Cool,Blue,Aqua
Rodeo,Bull,Male,Lazy,B,Fitness,10/29,chaps,K.K. Technopop,Zzzzzzzzzzzzzzzzz...,Simple,Cool,Black,Red
Rodney,Hamster,Male,Smug,A,Music,11/10,le ham,K.K. Rockabilly,Everything is temporary.,Gorgeous,Cool,Pink,Colorful
Rolf,Tiger,Male,Cranky,B,Fitness,8/22,grrrolf,K.K. Condor,Don't skip lunch. Ever.,Cool,Active,Blue,Black
Rooney,Kangaroo,Male,Cranky,A,Fitness,12/1,punches,K.K. Adventure,Bob and weave! Bob and weave!,Active,Active,Gray,Black
Rory,Lion,Male,Jock,A,Music,8/7,capital,K.K. Faire,Set 'em up and knock 'em down.,Simple,Active,Blue,Red
Roscoe,Horse,Male,Cranky,B,Music,6/16,nay,K.K. D&B,Trouble rides a fast horse.,Cool,Gorgeous,Black,Gray
Rosie,Cat,Female,Peppy,A,Music,2/27,silly,Bubblegum K.K.,One good purr deserves another.,Cute,Cute,Pink,Red
Rowan,Tiger,Male,Jock,B,Fitness,8/26,mango,Surfin' K.K.,Refuse to lose.,Active,Simple,Aqua,Gray
Ruby,Rabbit,Female,Peppy,B,Nature,12/25,li'l ears,Stale Cupcakes,You can always take the red-eye.,Cute,Active,Aqua,Pink
Rudy,Cat,Male,Jock,A,Play,12/20,mush,K.K. Blues,Always land on your feet!,Active,Simple,Yellow,Beige
Sally,Squirrel,Female,Normal,B,Music,6/19,nutmeg,Only Me,Even the smallest acorn may grow into the tallest tree.,Simple,Elegant,White,Beige
Samson,Mouse,Male,Jock,B,Fitness,7/5,pipsqueak,Rockin' K.K.,Squeak softly and carry a big stick.,Simple,Active,Red,Yellow
Sandy,Ostrich,Female,Normal,A,Nature,10/21,speedy,K.K. Soul,Soaring through the sky takes more than a pair of wings.,Simple,Cool,Aqua,White
Savannah,Horse,Female,Normal,B,Music,1/25,y'all,Forest Life,Keep your chin up!,Cool,Simple,Aqua,Blue
Scoot,Duck,Male,Jock,B,Fitness,6/13,zip zoom,My Place,"Some birds avoid the water, ducks look for it.",Active,Simple,Beige,Blue
Shari,Monkey,Female,Big Sister,A,Music,4/10,cheeky,K.K. Cruisin',A good start leads to a good end.,Cute,Active,Aqua,Yellow
Sheldon,Squirrel,Male,Jock,A,Play,2/26,cardio,K.K. Country,"Winners don't quit, and quitters never win.",Active,Cool,Green,Yellow
Shep,Dog,Male,Smug,A,Education,11/24,baa baa baa,K.K. Swing,Even dogs won't get in the middle of true love.,Simple,Cool,Aqua,Blue
Sherb,Goat,Male,Lazy,A,Nature,1/18,bawwww,Hypno K.K.,Forty winks is never enough.,Simple,Cute,Gray,Blue
Simon,Monkey,Male,Lazy,B,Play,1/19,zzzook,K.K. Safari,Friends go together like peanut butter and bananas.,Simple,Active,Red,Colorful
Skye,Wolf,Female,Normal,A,Music,3/24,airmail,Forest Life,Love makes the world go 'round.,Cute,Cute,Blue,White
Sly,Alligator,Male,Jock,A,Play,11/15,hoo-rah,K.K. Safari,Don't bite off more than you can chew.,Cool,Simple,Brown,Green
Snake,Rabbit,Male,Jock,B,Fitness,11/3,bunyip,King K.K.,A good ninja is neither seen nor heard.,Active,Simple,Black,Blue
Snooty,Anteater,Female,Snooty,A,Education,10/24,sniffff,K.K. Folk,"Request forgiveness, not permission.",Simple,Simple,Green,Yellow
Soleil,Hamster,Female,Snooty,A,Education,8/9,tarnation,K.K. Oasis,Sometimes dreams are merely dreams.,Cool,Gorgeous,Red,Yellow
Sparro,Bird,Male,Jock,A,Play,11/20,like whoa,I Love You,The proof of the pudding is in the eating.,Active,Simple,Green,Gray
Spike,Rhino,Male,Cranky,A,Nature,6/17,punk,K.K. House,Keep your eye on the ball.,Cool,Gorgeous,Black,Gray
Spork,Pig,Male,Lazy,B,Play,9/3,snork,Forest Life,It's never too late for a snack.,Simple,Active,Green,Colorful
Sprinkle,Penguin,Female,Peppy,A,Play,2/20,frappe,K.K. Marathon,Frosting is just the icing on the cake.,Cute,Elegant,Aqua,White
Sprocket,Ostrich,Male,Jock,A,Music,12/1,zort,K.K. Metal,Strike while the iron is hot.,Simple,Active,Orange,Green
Static,Squirrel,Male,Cranky,B,Music,7/9,krzzt,Surfin' K.K.,Lightning never strikes twice.,Cool,Active,Black,Yellow
Stella,Sheep,Female,Normal,A,Nature,4/9,baa-dabing,Only Me,100% Natural Fiber.,Simple,Simple,Yellow,Beige
Sterling,Eagle,Male,Jock,B,Fitness,12/11,skraaaaw,K.K. Dirge,Discretion is the better part of valor.,Simple,Elegant,Blue,Red
Stinky,Cat,Male,Jock,B,Fitness,8/17,GAAHHH,K.K. Flamenco,"If the mask fits, wear it!",Active,Simple,Red,Blue
Stitches,Cub,Male,Lazy,B,Play,2/10,stuffin',I Love You,A stitch in time saves nine.,Simple,Cute,Colorful,White
Stu,Bull,Male,Lazy,A,Nature,4/20,mrooooo,K.K. Rockabilly,"As a cow grows, so do its nostrils.",Simple,Simple,Brown,Beige
Sydney,Koala,Female,Normal,B,Music,6/21,sunshine,Drivin',Sail wherever the wind takes you.,Cute,Simple,Beige,Yellow
Sylvana,Squirrel,Female,Normal,A,Nature,10/22,hubbub,Spring Blossoms,Remember to see the forest between the trees.,Cute,Simple,Green,Purple
Sylvia,Kangaroo,Female,Big Sister,B,Music,5/3,boing,DJ K.K.,Hop first; ask questions later.,Simple,Gorgeous,Yellow,Green
T-Bone,Bull,Male,Cranky,B,Education,5/20,moocher,K.K. Steppe,Don't have a cow.,Cool,Simple,Blue,Black
Tabby,Cat,Female,Peppy,B,Music,8/13,me-WOW,DJ K.K.,You can never have too much of a good thing!,Active,Cool,Black,Gray
Tad,Frog,Male,Jock,A,Play,8/3,sluuuurp,Wandering,Take a leap!,Active,Simple,Yellow,Colorful
Tammi,Monkey,Female,Peppy,B,Fashion,4/2,chimpy,Imperial K.K.,Always be down to monkey around!,Cute,Active,Purple,Green
Tammy,Cub,Female,Big Sister,A,Play,6/23,ya heard,DJ K.K.,"If a job is worth doing, do it right!",Cool,Active,Red,Purple
Tangy,Cat,Female,Peppy,B,Music,6/17,reeeeOWR,I Love You,"When life gives you lemons, make lemonade!",Simple,Cute,Green,Yellow
Tank,Rhino,Male,Jock,B,Fitness,5/6,kerPOW,K.K. Lament,Remember to keep your core muscles engaged!,Active,Simple,Red,Green
Tasha,Squirrel,Female,Snooty,A,Fitness,11/30,nice nice,K.K. Synth,There's no such thing as a safe secret.,Elegant,Gorgeous,Beige,Gray
Teddy,Bear,Male,Jock,B,Fitness,9/26,grooof,Mr. K.K.,"No pain, no gain!",Simple,Simple,Yellow,Orange
Tex,Penguin,Male,Smug,A,Music,10/6,picante,K.K. D&B,Rules were made to be broken.,Cool,Elegant,Black,Gray
Tia,Elephant,Female,Normal,A,Nature,11/18,teacup,K.K. Bossa,Tea is a cup of life.,Cute,Elegant,Black,White
Tiffany,Rabbit,Female,Snooty,B,Fashion,1/9,bunbun,K.K. Ragtime,What is cheap is most costly.,Gorgeous,Cool,Black,Red
Timbra,Sheep,Female,Snooty,A,Education,10/21,pine nut,K.K. Love Song,Don't pine for the past.,Elegant,Gorgeous,Green,Brown
Tipper,Cow,Female,Snooty,B,Fashion,8/25,pushy,Soulful K.K.,It takes two to tango.,Gorgeous,Cute,Colorful,Pink
Tom,Cat,Male,Cranky,B,Education,12/10,me-YOWZA,K.K. Rock,There's no use crying over spilled milk.,Cool,Simple,Black,Gray
Truffles,Pig,Female,Peppy,B,Fashion,7/28,snoutie,Neapolitan,The best things in life are free.,Cute,Gorgeous,Green,Red
Tucker,Elephant,Male,Lazy,A,Nature,9/7,fuzzers,K.K. Safari,Time makes fossils of us all.,Active,Simple,Yellow,Orange
Tutu,Bear,Female,Peppy,B,Fashion,9/15,twinkles,Bubblegum K.K.,Even the best of friends start out as strangers.,Cute,Simple,Pink,Red
Twiggy,Bird,Female,Peppy,B,Fashion,7/13,cheepers,Bubblegum K.K.,It's the early bird that catches the worm!,Simple,Cute,Pink,Blue
Tybalt,Tiger,Male,Jock,A,Play,8/19,grrrRAH,K.K. Groove,There's no excuse for half-baked potatoes.,Active,Simple,Blue,Purple
Ursala,Bear,Female,Big Sister,A,Music,1/16,grooomph,Café K.K.,Surround yourself with things you love.,Simple,Cute,Red,Orange
Velma,Goat,Female,Snooty,B,Education,1/14,blih,Mr. K.K.,"Work smarter, not harder.",Elegant,Gorgeous,Aqua,Purple
Vesta,Sheep,Female,Normal,B,Fashion,4/16,baaaffo,Forest Life,No sweater off my back.,Simple,Cute,Orange,Red
Vic,Bull,Male,Cranky,A,Fitness,12/29,cud,K.K. March,"You mess with the bull, you get the horns.",Cool,Active,Aqua,Blue
Victoria,Horse,Female,Peppy,B,Fitness,7/11,sugar cube,K.K. Adventure,Don't put the cart before the horse.,Active,Simple,Yellow,Orange
Violet,Gorilla,Female,Snooty,B,Fitness,9/1,sweetie,K.K. Bazaar,Pearls are a pink gorilla's best friend.,Gorgeous,Cool,Purple,Pink
Vivian,Wolf,Female,Snooty,A,Education,1/26,piffle,K.K. Cruisin',Onwards and upwards!,Gorgeous,Elegant,Gray,Purple
Vladimir,Cub,Male,Cranky,B,Play,8/2,nyet,Agent K.K.,Trouble never comes alone.,Simple,Cool,Yellow,Colorful
Wade,Penguin,Male,Lazy,A,Nature,10/30,so it goes,Stale Cupcakes,"Which came first, the seeds or the sunflower?",Simple,Gorgeous,Aqua,Blue
Walker,Dog,Male,Lazy,B,Play,6/10,wuh,Two Days Ago,"The dog wags his tail, not for you, but for your bread.",Simple,Simple,Orange,Red
Walt,Kangaroo,Male,Cranky,A,Fitness,4/24,pockets,K.K. Lament,Take the good with the bad.,Cool,Cool,Black,Gray
Wart Jr.,Frog,Male,Cranky,B,Education,8/21,grr-ribbit,Steep Hill,Age before beauty.,Simple,Simple,Blue,Purple
Weber,Duck,Male,Lazy,A,Nature,6/30,quaa,K.K. Fusion,Today's adults are yesterday's children.,Cool,Simple,Blue,Black
Wendy,Sheep,Female,Peppy,B,Fashion,8/15,lambkins,Space K.K.,Every cloud has a silver lining.,Cool,Gorgeous,Red,Green
Whitney,Wolf,Female,Snooty,B,Fashion,9/17,snappy,K.K. Soul,Don't cry wolf unless you mean it.,Elegant,Cool,Blue,Aqua
Willow,Sheep,Female,Snooty,B,Fashion,11/26,bo peep,K.K. Soul,You can't fight your genes.,Cute,Gorgeous,White,Pink
Winnie,Horse,Female,Peppy,B,Fashion,1/31,hay-OK,K.K. Country,"Smile, and the world smiles with you.",Cool,Simple,White,Gray
Wolfgang,Wolf,Male,Cranky,B,Education,11/25,snarrrl,K.K. D&B,Don't be afraid to show your fangs.,Cool,Active,Black,Green
Yuka,Koala,Female,Snooty,B,Fashion,7/20,tsk tsk,Soulful K.K.,Beauty is in the eye of the beholder.,Cool,Elegant,Orange,Yellow
Zell,Deer,Male,Smug,A,Music,6/7,pronk,K.K. Swing,Clothes totally make the mammal.,Cool,Gorgeous,Purple,Gray
Zucker,Octopus,Male,Lazy,A,Nature,3/8,bloop,Spring Blossoms,There's no such thing as luck.,Simple,Cute,Blue,Yellow